Date,Returns_1,Returns_2
3/1/2007,-0.008199285,-0.046345895
3/8/2007,-0.001113267,-0.029576283
3/15/2007,0.000813635,0.03141662
3/22/2007,-0.00115274,-0.01675419
3/29/2007,0.00102302,0.06618904
4/5/2007,0.001026464,-0.019005428
4/12/2007,0.001612442,0.068025649
4/19/2007,0.034901314,0.024396365
4/26/2007,0.011728647,0.006551297
5/3/2007,-0.015068304,-0.014656824
5/10/2007,-0.063479925,-0.017466937
5/17/2007,0.020112923,0.020812242
5/24/2007,0.005889818,0.011991196
5/31/2007,-0.038601879,-0.041152308
6/7/2007,0.002303795,0.043312731
6/14/2007,0.000740841,0.003712256
6/21/2007,0.000418373,-0.013314544
6/28/2007,0.000540876,0.01655655
7/5/2007,0.012111814,0.039877851
7/12/2007,0.015451192,0.053531206
7/19/2007,0.02518746,-0.012655671
7/26/2007,-0.037836189,-0.029346631
8/2/2007,-0.060382405,-0.092932855
8/9/2007,-0.008347716,-0.03795948
8/16/2007,0.00140568,-0.033224623
8/23/2007,-0.001397671,-0.035084838
8/30/2007,0.001216432,0.062075734
9/6/2007,0.00130017,0.009110538
9/13/2007,0.001559024,0.054587068
9/20/2007,0.000857309,-0.02052818
9/27/2007,-0.05387808,-0.02151485
10/4/2007,0.000813314,0.010123155
10/11/2007,0.01718393,0.076477145
10/18/2007,-0.001412051,-0.01184237
10/25/2007,0.001683165,0.092049492
11/1/2007,0.00143166,0.022714577
11/8/2007,-0.00011,-0.083403481
11/15/2007,0.015036349,0.058945162
11/22/2007,-0.006627267,-0.038425518
11/29/2007,0.000577297,-0.004746262
12/6/2007,0.001537113,0.045434137
12/13/2007,-0.001784392,-0.04420892
12/20/2007,0.000712548,0.057764898
12/27/2007,-0.036485701,-0.042696232
1/3/2008,0.021843447,0.07910965
1/10/2008,0.13366578,0.104352738
1/17/2008,-0.02290046,-0.039123662
1/24/2008,0.096424701,0.101855284
1/31/2008,-0.084082883,-0.102757364
2/7/2008,-0.021337488,-0.074256798
2/14/2008,0.001009111,0.094196583
2/21/2008,0.148363003,0.090285151
2/28/2008,-0.019818917,-0.043265846
3/6/2008,0.100738988,0.052691715
3/13/2008,-0.202046701,-0.105058031
3/20/2008,0.000671074,0.012226334
3/27/2008,-0.004253666,-0.023410196
4/3/2008,0.000972041,0.006755509
4/10/2008,-0.000202918,-0.008285124
4/17/2008,0.00046875,0.029685117
4/24/2008,-0.001005369,-0.018822237
5/1/2008,0.001763772,0.09868808
5/8/2008,-1.18E-06,0.068303451
5/15/2008,0.001183554,0.027359156
5/22/2008,-0.105664749,-0.111183425
5/29/2008,-8.90E-05,-0.065495458
6/5/2008,-0.00078443,-0.012036249
6/12/2008,0.000868593,0.050061006
6/19/2008,-0.000144591,-0.062233899
6/26/2008,0.003212888,0.024132302
7/3/2008,-0.012412975,0.02195779
7/10/2008,0.007322945,0.045749754
7/17/2008,0.000353131,0.044623569
7/24/2008,-0.030640137,-0.033504236
7/31/2008,0.001179571,0.107104882
8/7/2008,0.002512304,0.069007984
8/14/2008,0.002650067,0.009458964
8/21/2008,0.001589458,-0.013860529
8/28/2008,0.005200601,-0.024566893
9/4/2008,0.041333787,0.04049957
9/11/2008,-0.003637834,-0.028955859
9/18/2008,-0.002751589,-0.065163279
9/25/2008,-0.001530615,-0.069285803
10/2/2008,0.00129264,0.141024902
10/9/2008,-0.000352446,-0.078883926
10/16/2008,-0.00161314,0.110829974
10/23/2008,0.001461892,0.015846494
10/30/2008,0.001346186,0.069767731
11/6/2008,0.007887988,0.091350641
11/13/2008,-0.004225794,0.000863943
11/20/2008,-0.003228053,-0.050313913
11/27/2008,2.92E-05,0.082856343
12/4/2008,0.001310656,0.217776242
12/11/2008,0.001246643,0.203533754
12/18/2008,-0.004904412,-0.013906418
12/25/2008,0.005930529,0.040671193
1/1/2009,-0.001334571,-0.128184735
1/8/2009,-0.001053271,-0.09757286
1/15/2009,0.000816368,0.107380392
1/22/2009,0.00039975,-0.014421121
1/29/2009,-0.000847427,-0.052772848
2/5/2009,0.000947652,0.029805835
2/12/2009,0.001014742,0.146105163
2/19/2009,-0.195168523,-0.196760507
2/26/2009,-0.001234238,-0.24780008
3/5/2009,0.000120036,0.004898848
3/12/2009,-0.000600387,-0.113556711
3/19/2009,-6.34E-05,0.033653163
3/26/2009,-0.000560525,-0.125214058
4/2/2009,0.000766795,0.175120363
4/9/2009,0.000206447,0.030166404
4/16/2009,4.20E-05,0.029240067
4/23/2009,-0.001123139,-0.057694436
4/30/2009,-0.000775448,0.036625769
5/7/2009,-0.048540294,-0.106583701
5/14/2009,0.000188504,0.03224258
5/21/2009,1.27E-06,0.071788245
5/28/2009,0.02135648,0.095407281
6/4/2009,-0.003410064,-0.007472437
6/11/2009,-0.000194945,-0.017230292
6/18/2009,-0.001095255,-0.050212804
6/25/2009,0.0010487,0.080357067
7/2/2009,0.000912173,0.022160703
7/9/2009,-0.000706731,-0.055053849
7/16/2009,0.000252176,0.042940319
7/23/2009,-0.000807557,-0.031585403
7/30/2009,-0.002393394,-0.263906762
8/6/2009,0.000102372,0.028555707
8/13/2009,0.00015684,0.011216553
8/20/2009,0.000385643,0.073733394
8/27/2009,-0.001045546,-0.042742805
9/3/2009,-0.000632546,-0.050201855
9/10/2009,-0.000266283,-0.048679754
9/17/2009,0.000396568,0.030854957
9/24/2009,-0.004395463,-0.017644137
10/1/2009,0.001851823,0.118021349
10/8/2009,0.054519466,0.066655337
10/15/2009,0.02683652,0.026292818
10/22/2009,-0.044818692,-0.04896143
10/29/2009,0.085845648,0.040746785
11/5/2009,-0.080180413,-0.030974512
11/12/2009,0.06116781,0.061053016
11/19/2009,0.045353701,0.045213855
11/26/2009,-0.021962962,-0.011959887
12/3/2009,-0.104254971,-0.116565087
12/10/2009,0.00018755,0.04747547
12/17/2009,0.000320044,0.017343305
12/24/2009,-0.000110178,-0.034987083
12/31/2009,0.003800898,0.017789442
1/7/2010,-0.005634929,-0.0324372
1/14/2010,0.00986299,0.072196947
1/21/2010,0.036554581,0.014069475
1/28/2010,-0.008893084,0.003971494
2/4/2010,-0.011208598,-0.06092241
2/11/2010,0.000160965,0.016019428
2/18/2010,0.000324774,-0.006203014
2/25/2010,-0.000713413,0.00502632
3/4/2010,0.001064507,0.031062209
3/11/2010,-0.005195337,-0.024370906
3/18/2010,0.000484886,0.08574752
3/25/2010,-0.026088766,-0.025751212
4/1/2010,-0.000828228,0.00382606
4/8/2010,0.004295712,0.002527879
4/15/2010,0.046430989,0.036522272
4/22/2010,0.014226931,0.054439573
4/29/2010,-0.000609562,-0.056553255
5/6/2010,0.000556998,0.085403753
5/13/2010,0.000237265,0.064449272
5/20/2010,0.000118218,0.049440571
5/27/2010,0.000120335,-0.012148409
6/3/2010,0.00037987,0.032560519
6/10/2010,-0.001023395,-0.019246092
6/17/2010,-3.40E-05,0.018794656
6/24/2010,0.000117852,-0.020966451
7/1/2010,-0.001565579,-0.165829254
7/8/2010,-0.000255537,-0.009259394
7/15/2010,0.006179702,0.025033987
7/22/2010,0.005380824,0.042566408
7/29/2010,0.000336219,0.057163025
8/5/2010,-0.009427613,-0.055312266
8/12/2010,0.000204034,0.024266674
8/19/2010,-0.000370004,-0.015441071
8/26/2010,0.000437591,0.052487025
9/2/2010,0.00034206,0.040773425
9/9/2010,0.023537194,0.036208664
9/16/2010,0.012576479,0.053023212
9/23/2010,0.012230905,0.047631204
9/30/2010,0.046037333,0.050873279
10/7/2010,-0.077030644,-0.050454388
10/14/2010,-0.033821867,-0.124766616
10/21/2010,-8.04E-06,-0.002482213
10/28/2010,0.000195175,0.029416825
11/4/2010,-0.000443933,-0.038066542
11/11/2010,-0.000775023,-0.109079591
11/18/2010,-1.38E-05,0.03533728
11/25/2010,0.00061017,0.077897019
12/2/2010,4.56E-05,-0.024047338
12/9/2010,-0.000161554,-0.016481967
12/16/2010,0.000520741,0.07894774
12/23/2010,0.000623673,0.042842068
12/30/2010,-0.139088405,-0.084209877
1/6/2011,0.010979589,0.07244243
1/13/2011,-0.05256591,-0.03661279
1/20/2011,0.001090308,0.00148848
1/27/2011,0.012082957,0.041598166
2/3/2011,-0.008817614,-0.030620918
2/10/2011,-0.049045419,-0.052523425
2/17/2011,0.004811534,-0.008401224
2/24/2011,0.006809402,0.030347017
3/3/2011,0.002041577,0.004609044
3/10/2011,-0.02651224,-0.10143496
3/17/2011,2.70E-05,-0.013617772
3/24/2011,-0.005500444,-0.015873132
3/31/2011,0.020827793,0.094091932
4/7/2011,0.004191083,0.006893817
4/14/2011,0.016583372,0.017692737
4/21/2011,0.002792122,0.018075315
4/28/2011,-0.065118683,-0.040954849
5/5/2011,-0.02368306,-0.02155055
5/12/2011,-0.006217839,-0.017812613
5/19/2011,-0.006208756,-0.025252264
5/26/2011,-2.08E-05,0.005999627
6/2/2011,-0.000237224,-0.007537928
6/9/2011,-0.00022118,-0.026311086
6/16/2011,0.000441776,0.029739665
6/23/2011,-0.018058726,-0.076559553
6/30/2011,3.63E-06,-0.005136759
7/7/2011,-0.00037967,-0.053856036
7/14/2011,4.95E-05,0.010927612
7/21/2011,-7.54E-05,0.027145483
7/28/2011,0.000607921,0.032904152
8/4/2011,0.041944212,0.013454866
8/11/2011,0.005657422,0.035255859
8/18/2011,0.011091748,0.043408192
8/25/2011,0.000185883,0.064771
9/1/2011,0.000235817,0.01345444
9/8/2011,0.000137446,-0.005010301
9/15/2011,7.20E-05,-0.028162467
9/22/2011,9.70E-05,-0.042828543
9/29/2011,-0.004029481,-0.015331586
10/6/2011,-0.022172071,-0.028080505
10/13/2011,0.000428241,0.012728096
10/20/2011,-0.000804017,-0.072717822
10/27/2011,-7.02E-05,-0.032694917
11/3/2011,0.000310933,0.098327053
11/10/2011,0.000211136,0.098971399
11/17/2011,-0.028055519,-0.137557473
11/24/2011,0.000279645,0.066803476
12/1/2011,0.000278392,0.024810672
12/8/2011,0.002871873,0.00964033
12/15/2011,-0.002819526,-0.00780471
12/22/2011,0.000199805,0.047397332
12/29/2011,-0.018090496,-0.047162477
1/5/2012,0.005926197,0.103700252
1/12/2012,-0.018472052,-0.010703818
1/19/2012,-0.05552172,-0.055221971
1/26/2012,0.016813018,0.018683538
2/2/2012,0.007183966,0.021690099
2/9/2012,0.045284255,0.036146249
2/16/2012,-7.80E-05,-0.006243006
2/23/2012,0.009555337,0.04198571
3/1/2012,-0.000123139,-0.011719991
3/8/2012,0.016043338,0.062445358
3/15/2012,0.031667405,0.027109993
3/22/2012,0.009695537,0.027549078
3/29/2012,0.016569956,0.015149543
4/5/2012,-0.063790432,-0.076375113
4/12/2012,0.000259403,0.019270885
4/19/2012,-0.00039738,-0.033819432
4/26/2012,9.28E-05,-0.000991857
5/3/2012,6.23E-05,-0.041055995
5/10/2012,0.002617209,0.101653411
5/17/2012,-0.000552664,-0.027300375
5/24/2012,-0.003581483,0.006434418
5/31/2012,-0.019473613,-0.033678352
6/7/2012,0.013657571,0.048725663
6/14/2012,0.000896119,0.051432373
6/21/2012,0.000354776,0.046201006
6/28/2012,-0.070621445,-0.048568658
7/5/2012,3.61E-06,0.018461121
7/12/2012,0.00859272,0.01691143
7/19/2012,-0.013468367,-0.062448989
7/26/2012,-0.025891839,-0.011744688
8/2/2012,-0.056194941,-0.044639019
8/9/2012,-0.003749206,-0.030175036
8/16/2012,6.40E-05,0.048928554
8/23/2012,0.002806854,0.005459031
8/30/2012,0.008696518,0.039848102
9/6/2012,-0.057256933,-0.031160941
9/13/2012,0.080761267,0.066831481
9/20/2012,0.005253291,-0.021835926
9/27/2012,0.008884565,0.027840112
10/4/2012,-0.095935994,-0.071027255
10/11/2012,-0.021431129,-0.019773437
10/18/2012,-0.004350959,-0.037617512
10/25/2012,-0.00244951,-0.006753262
11/1/2012,-0.021544797,-0.051115689
11/8/2012,-6.80E-06,-0.02098194
11/15/2012,-5.82E-05,0.000765709
11/22/2012,0.000211913,0.026426848
11/29/2012,-0.000104603,0.043050992
12/6/2012,1.14E-05,-0.03301045
12/13/2012,0.000189813,0.022967044
12/20/2012,0.020689545,0.019325166
12/27/2012,0.004305948,0.028807739
1/3/2013,-0.022378208,-0.009105207
1/10/2013,-0.008054924,-0.021811631
1/17/2013,0.004377887,0.035916217
1/24/2013,0.000263599,0.067956467
1/31/2013,-0.006336084,-0.032474956
2/7/2013,4.21E-05,0.026891699
2/14/2013,0.00657966,0.032971839
2/21/2013,-0.013576341,-0.01500512
2/28/2013,0.076806861,0.047150296
3/7/2013,-0.088995783,-0.052113148
3/14/2013,0.064551976,0.036421375
3/21/2013,0.002809802,0.000128636
3/28/2013,-0.058716269,-0.050472985
4/4/2013,-0.000116164,-0.007016559
4/11/2013,-0.000308756,-0.058489288
4/18/2013,-0.005187058,-0.009785786
4/25/2013,4.84E-05,-0.027548307
5/2/2013,2.32E-05,-0.01315393
5/9/2013,0.000199,0.072988106
5/16/2013,0.056733095,0.048531156
5/23/2013,-0.000914694,-0.032661229
5/30/2013,0.013952266,0.00828905
6/6/2013,0.143651872,0.114302735
6/13/2013,0.003767618,0.008579382
6/20/2013,0.086066942,0.026905479
6/27/2013,0.000137285,0.03352919
7/4/2013,0.052815469,0.060000875
7/11/2013,-0.111252358,-0.08735892
7/18/2013,-0.001806924,-0.100476401
7/25/2013,4.12E-05,0.06115883
8/1/2013,-0.060014223,-0.032831111
8/8/2013,-0.001037819,-0.01910068
8/15/2013,0.046390906,0.025916832
8/22/2013,-0.005527702,-0.015362897
8/29/2013,-0.014176925,-0.018127666
9/5/2013,0.004110421,0.020853771
9/12/2013,-0.007206037,-0.030428985
9/19/2013,-0.00024078,-0.066297594
9/26/2013,-0.000122867,0.02787161
10/3/2013,6.97E-05,0.005416168
10/10/2013,0.004048211,0.024094227
10/17/2013,0.018605205,0.087960179
10/24/2013,-0.024139441,-0.020955478
10/31/2013,-0.004874879,-0.008397605
11/7/2013,-0.000164729,-0.004254308
11/14/2013,-0.026865095,-0.009912186
11/21/2013,0.046332842,0.042476803
11/28/2013,-0.040854408,-0.019098571
12/5/2013,0.010846658,0.014089133
12/12/2013,0.009670472,0.023145568
12/19/2013,-0.01798503,-0.027146145
12/26/2013,-0.042005183,-0.003355965
1/2/2014,-0.027952612,-0.078649222
1/9/2014,8.88E-05,0.074065059
1/16/2014,0.00058102,0.029786803
1/23/2014,-0.008747835,-0.042593853
1/30/2014,-0.000583455,-0.082377676
2/6/2014,-0.003004339,-0.005184093
2/13/2014,0.016233301,0.07687242
2/20/2014,0.017543186,0.011081803
2/27/2014,0.071923785,0.071471566
3/6/2014,0.010629997,0.014042702
3/13/2014,-0.005452379,-0.002003521
3/20/2014,-0.096285167,-0.05902193
3/27/2014,0.015810254,0.026353208
4/3/2014,0.0188935,0.070535217
4/10/2014,-0.036498686,-0.028691004
4/17/2014,0.00366004,0.021768221
4/24/2014,-0.002147189,-0.004963102
5/1/2014,0.002921212,0.004987743
5/8/2014,-0.027928038,-0.021894644
5/15/2014,-0.009437962,-0.064608009
5/22/2014,-4.51E-05,0.011162428
5/29/2014,4.02E-05,0.020730057
6/5/2014,-0.034000603,-0.012807089
6/12/2014,0.021818263,0.014086363
6/19/2014,0.01935453,0.008670248
6/26/2014,0.098909265,0.045830089
7/3/2014,-0.043786501,-0.04286567
7/10/2014,0.02939988,0.018462711
7/17/2014,0.040138556,0.061763014
7/24/2014,-0.003913926,-0.005242407
7/31/2014,0.008869175,0.000766886
8/7/2014,0.032887714,0.018593398
8/14/2014,0.021014108,0.084133514
8/21/2014,-0.013461416,-0.001500684
8/28/2014,0.023095747,0.030447935
9/4/2014,0.000497162,-0.00123637
9/11/2014,0.001813063,-0.003476977
9/18/2014,0.007292493,0.000755059
9/25/2014,0.078504967,0.029406937
10/2/2014,-0.025269164,-0.026925748
10/9/2014,0.00030808,0.021428844
10/16/2014,0.000167462,-0.026626335
10/23/2014,-9.39E-06,-0.010926569
10/30/2014,0.000187721,0.048407439
11/6/2014,0.002281776,0.020869754
11/13/2014,5.41E-05,0.021196916
11/20/2014,-0.000172136,0.013597345
11/27/2014,0.0242364,0.118572361
12/4/2014,0.094414999,0.048585911
12/11/2014,0.0677376,0.029766836
12/18/2014,-0.073263372,-0.039741821
12/25/2014,0.00464726,0.009515548
1/1/2015,0.323560008,0.111216443
1/8/2015,0.126871251,0.043616005
1/15/2015,0.027091571,0.101100557
1/22/2015,0.102741977,0.076003218
1/29/2015,-0.184451205,-0.052984685
2/5/2015,-0.023968954,-0.019210731
2/12/2015,-0.000249629,-0.006567177
2/19/2015,0.053694838,0.057909763
2/26/2015,0.00010296,0.024898459
3/5/2015,0.000710234,0.02897241
3/12/2015,0.083661003,0.067443368
3/19/2015,-0.019007324,-0.036455787
3/26/2015,-0.009215069,-0.031082342
4/2/2015,0.000104975,0.041135789
4/9/2015,0.000107843,0.039751782
4/16/2015,-0.000125417,-0.00726156
4/23/2015,0.00025839,0.055427116
4/30/2015,-0.00397879,-0.015941017
5/7/2015,-0.001442332,-0.006835656
5/14/2015,-0.000253864,-0.068204504
5/21/2015,-0.000240786,-0.070123242
5/28/2015,-7.40E-05,-0.019549708
6/4/2015,-0.000102801,0.020719588
6/11/2015,-0.00026931,-0.040986468
6/18/2015,-0.000172366,0.014386669
6/25/2015,0.000382184,0.000410139
7/2/2015,0.000214743,0.058774927
7/9/2015,0.00010954,0.044345724
7/16/2015,-0.000272725,-0.022633002
7/23/2015,-0.019066231,-0.033049812
7/30/2015,0.021472053,0.042258221
8/6/2015,-6.59E-05,0.029102881
8/13/2015,0.019965424,0.003115941
8/20/2015,-0.210772984,-0.229061616
8/27/2015,-0.000787755,-0.248477315
9/3/2015,-6.95E-05,-0.04282799
9/10/2015,-0.000301027,0.023798043
9/17/2015,0.000345351,0.061082089
9/24/2015,-0.000170378,-0.063137869
10/1/2015,0.000168141,-0.018755634
10/8/2015,8.04E-05,0.089499888
10/15/2015,-0.007792111,-0.027229951
10/22/2015,0.000257325,0.045922319
10/29/2015,-0.000379315,-0.114916771
11/5/2015,-0.000123259,0.027821756
11/12/2015,0.000274076,0.028699478
11/19/2015,-0.035749241,-0.022491553
11/26/2015,0.014508489,0.017015506
12/3/2015,-0.011463052,-0.026421954
12/10/2015,0.000221624,0.022417375
12/17/2015,0.000459964,0.028835091
12/24/2015,0.000359352,0.029241278
12/31/2015,-0.00026998,-0.081156697
1/7/2016,0.000256207,-0.021804456
1/14/2016,0.000745938,0.028867148
1/21/2016,-0.000502681,-0.027607387
1/28/2016,0.000296638,0.026953202
2/4/2016,0.000458373,0.106643467
2/11/2016,-0.032538585,-0.02830258
2/18/2016,0.000189337,0.034014891
2/25/2016,0.002325369,0.034605622
3/3/2016,0.017756701,0.060495423
3/10/2016,-0.000522943,-0.022547865
3/17/2016,-0.000685937,-0.003909576
3/24/2016,-0.000710603,-0.002274663
3/31/2016,-0.000796754,-0.085981653
4/7/2016,-0.000238593,-0.015019244
4/14/2016,-0.000123901,-0.047813048
4/21/2016,-5.62E-05,0.009886407
4/28/2016,-0.000189614,-0.048112962
5/5/2016,-0.000196036,-0.020634888
5/12/2016,0.000242777,0.100129258
5/19/2016,-0.000131199,-0.001588847
5/26/2016,0.000235445,0.028325591
6/2/2016,0.007835337,-0.008675015
6/9/2016,0.006381418,0.042220494
6/16/2016,-0.033022354,-0.100605476
6/23/2016,6.38E-05,-0.008605644
6/30/2016,0.000184965,-0.025293267
7/7/2016,0.000275794,0.009949011
7/14/2016,0.000297888,0.052743939
7/21/2016,0.016855964,0.028687899
7/28/2016,0.067766176,0.043695283
8/4/2016,-0.008508482,-0.033617074
8/11/2016,-0.161509717,-0.065099261
8/18/2016,-0.03939056,-0.014204922
8/25/2016,-0.002983475,-0.012006054
9/1/2016,0.00992302,0.041001332
9/8/2016,-0.013761146,-0.053551512
9/15/2016,-0.013590192,-0.060973835
9/22/2016,0.000223652,0.04151858
9/29/2016,-0.00017463,0.011063857
10/6/2016,2.29E-05,-0.016803861
10/13/2016,-0.000247549,-0.011494661
10/20/2016,0.000746321,0.01939846
10/27/2016,-0.11010518,-0.082947037
11/3/2016,0.050698401,0.050618586
11/10/2016,-0.010678686,-0.012251983
11/17/2016,0.016473708,0.028561008
11/24/2016,-0.010187375,-0.024178265
12/1/2016,-0.000607417,-0.082982524
12/8/2016,-1.79E-05,-0.02897767
12/15/2016,0.047420574,0.040979279
12/22/2016,-0.014513373,-0.007319489
12/29/2016,-0.000118094,-0.019594777
1/5/2017,-2.03E-05,-0.026040928
1/12/2017,0.000310817,0.035380839
1/19/2017,6.66E-05,0.017632317
1/26/2017,-0.064423586,-0.040726643
2/2/2017,-0.009804224,-0.008424264
2/9/2017,0.005051534,0.019804077
2/16/2017,0.03098502,0.026983714
2/23/2017,0.036974522,0.025302443
3/2/2017,-0.072113687,-0.041813302
3/9/2017,0.014620254,0.016502967
3/16/2017,-0.05377436,-0.066970277
3/23/2017,0.012469757,0.04953658
3/30/2017,-0.008221106,-0.012605308
4/6/2017,-0.003821246,-0.034975135
4/13/2017,-0.008376702,-0.019358951
4/20/2017,-0.057024063,-0.038621022
4/27/2017,-0.01653355,-0.076586954
5/4/2017,0.000380946,0.025361999
5/11/2017,0.000908779,-0.021689375
5/18/2017,-0.00687876,0.008235197
5/25/2017,0.049047106,0.034040255
6/1/2017,0.01220637,0.051337444
6/8/2017,-0.008733458,-0.037331958
6/15/2017,-0.005142698,-0.013270116
6/22/2017,0.006196576,0.025404717
6/29/2017,-0.044309652,-0.101864716
7/6/2017,-0.026697052,-0.014463093
7/13/2017,-0.01954482,-0.017913429
7/20/2017,0.006016972,0.025834251
7/27/2017,-0.00437296,0.000434676
8/3/2017,-0.012121637,-0.01217556
8/10/2017,0.020765599,-0.004903262
8/17/2017,0.045110548,0.021194748
8/24/2017,0.01946923,0.019109498
8/31/2017,0.040852872,0.045879158
9/7/2017,0.002952259,0.016963146
9/14/2017,0.002321238,-0.003171913
9/21/2017,-0.00508394,-0.024428307
9/28/2017,0.009174463,0.037811727
10/5/2017,-0.01189743,0.004612665
10/12/2017,-0.018217891,-4.19E-05
10/19/2017,0.006300564,0.029047982
10/26/2017,0.006341097,0.019679431
11/2/2017,0.022038856,0.026402652
11/9/2017,-0.006527973,-0.035389079
11/16/2017,-0.007836064,0.007246328
11/23/2017,0.003024488,0.003983458
11/30/2017,-0.005130147,-0.015722589
12/7/2017,0.005151309,0.045758803
12/14/2017,-0.007092808,-0.004985697
12/21/2017,-0.003590525,-0.018460784
12/28/2017,0.010171315,0.054375655
1/4/2018,-0.04193115,-0.03515669
1/11/2018,0.016543448,0.057824136
1/18/2018,-0.034474107,0.0139621
1/25/2018,-0.075889596,-0.036523983
2/1/2018,0.004368357,-0.013857577
2/8/2018,-0.000145186,-0.009494378
2/15/2018,-0.000243025,-0.045716803
2/22/2018,0.000108738,-0.013614531
3/1/2018,0.000978309,0.096652788
3/8/2018,0.000364476,0.01080565
3/15/2018,-0.000350649,-0.11141647
3/22/2018,0.000320176,-0.006814446
3/29/2018,0.000344252,-0.010997135
4/5/2018,-4.11E-05,-0.014005689
4/12/2018,0.000177601,0.032423346
4/19/2018,0.000513298,0.032873282
4/26/2018,0.000221951,-0.003170023
5/3/2018,0.010030736,0.02160247
5/10/2018,-0.011990225,-0.010921264
5/17/2018,0.075727083,0.035140253
5/24/2018,0.006102185,0.002549172
5/31/2018,-0.023542241,-0.019858242
6/7/2018,-0.010213011,-0.013418066
6/14/2018,0.062348961,0.123749772
6/21/2018,-0.131506281,-0.083583844
6/28/2018,0.007310296,0.014570629
7/5/2018,0.048285503,0.027739414
7/12/2018,-0.009748559,0.001815084
7/19/2018,0.001856746,0.002468249
7/26/2018,0.000506309,0.000971514
8/2/2018,0.007653563,0.022997117
8/9/2018,0.009298728,0.012377408
8/16/2018,-0.034050544,-0.030197182
8/23/2018,0.001382398,0.018587307
8/30/2018,0.007277353,0.032300478
9/6/2018,0.003782931,0.010248185
9/13/2018,-0.022453827,-0.043473358
9/20/2018,0.000488027,0.020585184
9/27/2018,-0.007006744,-0.001585603
10/4/2018,0.036814163,0.027550984
10/11/2018,-0.002401384,-0.032106125
10/18/2018,-0.0088323,-0.069729781
10/25/2018,-0.002058731,0.006745063
11/1/2018,-0.00820799,-0.004070217
11/8/2018,0.109491139,0.10454983
11/15/2018,0.087018605,0.073831255
11/22/2018,0.004877748,0.110269651
11/29/2018,-0.04906108,-0.099557212
12/6/2018,0.001382691,0.006136093
12/13/2018,0.000820178,0.090331521
12/20/2018,0.009935419,0.037125724
12/27/2018,0.000694908,0.046281598
1/3/2019,0.003626563,0.038409961
1/10/2019,-0.003891852,-0.00507635
1/17/2019,0.000210061,-0.040185672
1/24/2019,0.00074235,0.07086594
1/31/2019,-0.001601869,-0.004835986
2/7/2019,0.000501359,0.030520258
2/14/2019,0.01034016,0.046542773
2/21/2019,-0.021034692,-0.016486622
2/28/2019,0.004773929,0.02510145
3/7/2019,-0.020304604,-0.022126323
3/14/2019,-0.007937951,-0.012808718
3/21/2019,-0.034486067,-0.030297685
3/28/2019,0.002311877,0.115248739
4/4/2019,-0.001893907,-0.015045311
4/11/2019,-0.008754638,-0.036588008
4/18/2019,0.000365299,0.057079664
4/25/2019,-0.013271525,-0.02454657
5/2/2019,-0.032719351,-0.033110211
5/9/2019,-0.000571962,-0.036627088
5/16/2019,-0.027351269,-0.062480151
5/23/2019,-7.44E-05,-0.043485587
5/30/2019,0.00082736,0.03892633
6/6/2019,0.002622367,-0.016095916
6/13/2019,0.0006694,0.013708192
6/20/2019,0.050947074,0.058784877
6/27/2019,-0.023399177,0.003043966
7/4/2019,-0.007322567,-0.028185047
7/11/2019,-0.000354912,-0.039642975
7/18/2019,0.000319699,0.003842637
7/25/2019,0.000226897,-0.003475873
8/1/2019,0.003264769,0.003364226
8/8/2019,0.014949545,0.053497702
8/15/2019,0.000788391,0.032733274
8/22/2019,0.008076083,0.034749052
8/29/2019,0.000550562,0.009914874
9/5/2019,-0.005941041,-0.064621739
9/12/2019,-2.82E-05,-0.027116188
9/19/2019,0.000444789,0.037270001
9/26/2019,-0.003089208,-0.006520813
10/3/2019,0.000133938,-0.001949268
10/10/2019,0.005499263,0.032528052
10/17/2019,-0.002067217,-0.018493064
10/24/2019,0.000242462,0.001843002
10/31/2019,-0.00163131,0.002416438
11/7/2019,0.000168684,0.00378728
11/14/2019,3.95E-05,-0.016394633
11/21/2019,0.000537364,0.036436325
11/28/2019,-0.005614954,-0.018065161
12/5/2019,0.000481979,0.006232544
12/12/2019,0.000517916,0.008932819
12/19/2019,0.006572714,0.023844815
12/26/2019,0.002434978,0.014431592
1/2/2020,0.061391066,0.034200019
1/9/2020,-0.059873706,-0.025850789
1/16/2020,0.041029273,0.026824949
1/23/2020,0.041942122,0.009978201
1/30/2020,0.020759899,0.003258166
2/6/2020,0.042226158,0.042929163
2/13/2020,0.037891274,0.031838317
2/20/2020,-0.048711884,-0.04225561
2/27/2020,-0.034215633,-0.057814977
3/5/2020,0.001714283,0.074033999
3/12/2020,0.000394418,-0.040056684
3/19/2020,-0.001630782,-0.129895278
3/26/2020,-0.000379086,0.108879408
4/2/2020,0.000138007,-0.050785449
4/9/2020,0.000503215,0.11524318
4/16/2020,0.000635782,0.153571387
4/23/2020,0.133559014,0.162689233
4/30/2020,-0.001751279,-0.146444384
5/7/2020,-4.61E-05,-0.011180369
5/14/2020,-0.014076416,-0.107461399
5/21/2020,-0.0001763,-0.020557704
5/28/2020,0.000136915,0.001665171
6/4/2020,0.000193555,0.043051703
6/11/2020,-0.008070249,-0.045606962
6/18/2020,0.005386609,0.038874573
6/25/2020,0.000145669,-0.008644668
7/2/2020,0.000196561,0.041693208
7/9/2020,0.000222349,0.016906358
7/16/2020,0.011466938,0.039573226
7/23/2020,0.027275334,0.092237805
7/30/2020,0.039990537,0.041357322
8/6/2020,-0.152467156,-0.119360004
8/13/2020,0.011014451,0.057464733
8/20/2020,0.001188806,0.012148396
8/27/2020,0.009001264,0.040348784
9/3/2020,0.010360036,-0.01055439
9/10/2020,0.000119715,0.042833757
9/17/2020,-0.005192838,-0.028623197
9/24/2020,4.84E-05,-0.008099446
10/1/2020,9.11E-05,-0.00677417
10/8/2020,-3.57E-05,-0.007735362
10/15/2020,-0.000168608,-0.057771523
10/22/2020,8.06E-05,0.059881512
10/29/2020,-1.94E-05,-0.082346011
11/5/2020,-0.000292771,-0.185081863
11/12/2020,5.65E-05,0.044854044
11/19/2020,9.69E-05,0.077188399
11/26/2020,2.32E-05,0.030531919
12/3/2020,4.56E-05,0.031331667
12/10/2020,0.009239117,0.098100643
12/17/2020,0.001531775,0.010972032
12/24/2020,-0.05393437,-0.024643237
12/31/2020,0.006211185,0.023120151
1/7/2021,-0.005590741,-0.021374135
1/14/2021,0.031494948,0.029552878
1/21/2021,0.005946546,0.017274743
1/28/2021,0.007370145,0.014766254
2/4/2021,0.003217851,0.054461457
2/11/2021,0.000139171,0.078900901
2/18/2021,0.033202235,0.007532262
2/25/2021,-0.00591563,-0.040851793
3/4/2021,0.00405438,0.063660842
3/11/2021,4.21E-05,0.018062433
3/18/2021,4.30E-06,-0.094067739
3/25/2021,-2.85E-05,0.039193037
4/1/2021,8.42E-05,0.023045159
4/8/2021,-5.50E-05,-0.008628186
4/15/2021,2.46E-06,0.041747018
4/22/2021,1.57E-05,0.023718033
4/29/2021,-0.012811915,-0.01412634
5/6/2021,0.111237977,0.077987087
5/13/2021,-0.039018881,-0.016428115
5/20/2021,-0.00037564,0.00734352
5/27/2021,0.006786368,0.03013647
6/3/2021,-0.005303966,-0.018565682
6/10/2021,-0.007315136,-0.033698201
6/17/2021,9.77E-05,0.053669638
6/24/2021,0.064793012,0.040231277
7/1/2021,-0.047784185,0.008184664
7/8/2021,0.126284652,0.06701338
7/15/2021,-0.039582747,-0.04522181
7/22/2021,0.000754801,0.070606531
7/29/2021,-0.00659159,-0.065922202
8/5/2021,-0.000131218,-0.042680799
8/12/2021,0.00019064,0.042212324
8/19/2021,-0.000248032,-0.033214639
8/26/2021,-8.78E-05,0.01078565
9/2/2021,-6.06E-05,0.024435468
9/9/2021,-0.00176761,-0.015023298
9/16/2021,0.004455398,0.019842801
9/23/2021,0.003387248,0.004192687
9/30/2021,0.013733607,0.001086826
10/7/2021,0.000464216,0.03976144
10/14/2021,0.001075799,0.037042724
10/21/2021,0.008955823,0.059683582
10/28/2021,-0.040810397,-0.032098734
11/4/2021,0.010156559,0.045460723
11/11/2021,0.026783384,0.046520987
11/18/2021,-0.060425783,-0.060857609
11/25/2021,-0.018417047,-0.107690033
12/2/2021,-0.000471919,0.006486727
12/9/2021,0.000333447,0.023961577
12/16/2021,0.000124139,-0.014314806
12/23/2021,-0.000276033,-0.007950552
12/30/2021,-0.000347754,-0.0392762
1/6/2022,-4.33E-06,0.016394024
1/13/2022,-0.000588467,0.024203251
1/20/2022,0.016296399,0.044291338
1/27/2022,-0.014530234,0.005362361
2/3/2022,0.03484454,0.05494305
2/10/2022,0.087171396,0.032656827
2/17/2022,0.0830781,0.047033915
2/24/2022,0.140891922,0.117908197
3/3/2022,0.458256879,0.304618754
3/10/2022,-0.03455433,-0.117286867
3/17/2022,0.000413774,0.120398711
3/24/2022,-0.001236834,0.009288379
3/31/2022,0.041331684,0.031651022
4/7/2022,0.044768008,0.072515385
4/14/2022,-0.000297344,-0.020034149
4/21/2022,-0.000801196,-0.222845946
4/28/2022,-0.000340478,-0.006276032
5/5/2022,0.000848624,-0.017237722
5/12/2022,-0.000438539,0.048191545
5/19/2022,-0.035672772,-0.081103332
5/26/2022,-7.95E-07,0.036388004
6/2/2022,-0.000100054,0.008407633
6/9/2022,-0.001767345,-0.053335867
6/16/2022,-4.33E-05,-0.039103187
6/23/2022,-2.31E-05,0.032255861
6/30/2022,0.000870742,0.058559835
7/7/2022,0.004413288,-0.006508554
7/14/2022,-0.000491677,0.014650611
7/21/2022,-0.000455616,-0.067993962
7/28/2022,-0.000370945,-0.001354696
8/4/2022,-0.000626716,-0.07692549
8/11/2022,0.000683985,0.077257559
8/18/2022,0.000536421,-0.056229921
8/25/2022,0.000196325,-0.057447287
9/1/2022,0.000332362,0.032269618
9/8/2022,-0.000571696,-0.022549891
9/15/2022,0.000650804,0.066149217
9/22/2022,0.000610546,-0.004349953
9/29/2022,0.000560292,0.088778885
10/6/2022,0.000480096,-0.019450815
10/13/2022,2.33E-05,-0.005945486
10/20/2022,0.000498709,0.045505323
10/27/2022,0.000316183,0.037934248
11/3/2022,0,0
